{
    "fcNN": {
        "MSE": 0.6727602583634479,
        "SNR": -1.1536452737386187,
        "Pearson": 0.19752876794157723,
    },
    "Simple_CNN": {
        "MSE": 0.4981617640799091,
        "SNR": 0.194785112690943,
        "Pearson": 0.7056040330197956,
    },
    "Complex_CNN": {
        "MSE": 0.5087885884554323,
        "SNR": 0.06986023628974389,
        "Pearson": 0.7089129594170698,
    }
}