{
    "fcNN": {
        "MSE": 0.661684547689355,
        "MAE": 0.6416393091979989,
        "SNR": -1.1670465763118694,
        "SNR Improvement": -1.1672116259113983,
        "Pearson": 0.20754404286791675,
        "Waveform_Fidelity": 0.20754404286791675,
        "SSIM": NaN
    },
    "Simple_CNN": {
        "MSE": 0.48786714553607846,
        "MAE": 0.47167760291987537,
        "SNR": 0.19520742472447908,
        "SNR Improvement": 0.1950423751249503,
        "Pearson": 0.7123496145192137,
        "Waveform_Fidelity": 0.7123496145192137,
        "SSIM": NaN
    },
    "Complex_CNN": {
        "MSE": 0.49863180580704947,
        "MAE": 0.47262208703484115,
        "SNR": 0.06965861202385316,
        "SNR Improvement": 0.06949356242432436,
        "Pearson": 0.7155839649252386,
        "Waveform_Fidelity": 0.7155839649252386,
        "SSIM": NaN
    }
}