{
    "fcNN": {
        "MSE": 0.17095997263357426,
        "MAE": 0.3202101578653044,
        "SNR": 4.698371256405366,
        "SNR Improvement": 4.698366095272704,
        "Pearson": 0.8158110177584368,
        "Waveform_Fidelity": 0.8158110177584368,
        "SSIM": NaN
    },
    "Simple_CNN": {
        "MSE": 0.4802026768410686,
        "MAE": 0.5103557675840092,
        "SNR": 0.21335352460235907,
        "SNR Improvement": 0.2133483634696971,
        "Pearson": 0.7093443722636202,
        "Waveform_Fidelity": 0.7093443722636202,
        "SSIM": NaN
    },
    "Complex_CNN": {
        "MSE": 0.502426555924615,
        "MAE": 0.5177259897124616,
        "SNR": 0.016755491231874607,
        "SNR Improvement": 0.01675033009921264,
        "Pearson": 0.7041776056976595,
        "Waveform_Fidelity": 0.7041776056976596,
        "SSIM": NaN
    }
}