{
    "Fourier": {
        "MSE": 0.5161059974350397,
        "MAE": 0.4859825083626499,
        "SNR": -0.07517704686583151,
        "SNR Improvement": -0.07515686533667353,
        "Pearson": 0.7022760150584426,
        "Waveform_Fidelity": 0.7022760150584426,
        "SSIM": NaN
    },
    "Wavelet": {
        "MSE": 0.45965144384469947,
        "MAE": 0.48053757010310694,
        "SNR": 0.4280261181388356,
        "SNR Improvement": 0.4280462996679936,
        "Pearson": 0.6405698425769264,
        "Waveform_Fidelity": 0.6405698425769263,
        "SSIM": NaN
    },
    "ICA": {
        "MSE": 1.5005038347559312,
        "MAE": 0.8613048339507924,
        "SNR": -4.710160930455835,
        "SNR Improvement": -4.710140748926677,
        "Pearson": 0.001977807104498862,
        "Waveform_Fidelity": 0.001977807104498866,
        "SSIM": NaN
    },
    "AdaptiveFilter": {
        "MSE": 0.5898557506584647,
        "MAE": 0.5628558608661263,
        "SNR": -0.6551269704731724,
        "SNR Improvement": -0.6551067889440144,
        "Pearson": 0.5543165609987182,
        "Waveform_Fidelity": 0.5543165609987183,
        "SSIM": NaN
    }
}